<?xml version="1.0" encoding="UTF-8"?>
<project xmlns="http://maven.apache.org/POM/4.0.0" xmlns:xsi="http://www.w3.org/2001/XMLSchema-instance" xsi:schemaLocation="http://maven.apache.org/POM/4.0.0 http://maven.apache.org/maven-v4_0_0.xsd">
  <parent>
    <artifactId>spring-boot-starter-parent</artifactId>
    <groupId>org.springframework.boot</groupId>
    <version>1.3.2.RELEASE</version>
    <relativePath>../pom.xml/pom.xml</relativePath>
  </parent>
  <modelVersion>4.0.0</modelVersion>
  <groupId>io.egen</groupId>
  <artifactId>sensor-emulator</artifactId>
  <name>sensor-emulator</name>
  <version>0.0.1-SNAPSHOT</version>
  <build>
    <resources>
      <resource>
        <directory>src/main/java</directory>
        <excludes>
          <exclude>**/*.java</exclude>
        </excludes>
      </resource>
    </resources>
    <plugins>
      <plugin>
        <artifactId>maven-compiler-plugin</artifactId>
        <version>3.3</version>
        <configuration>
          <source>1.8</source>
          <target>1.8</target>
          <fork>true</fork>
          <executable>C:\Program Files\Java\jdk1.8.0_111\bin\javac.exe</executable>
        </configuration>
      </plugin>
      <plugin>
        <groupId>org.springframework.boot</groupId>
        <artifactId>spring-boot-maven-plugin</artifactId>
      </plugin>
      <plugin>
        <artifactId>maven-shade-plugin</artifactId>
        <executions>
          <execution>
            <phase>package</phase>
            <goals>
              <goal>shade</goal>
            </goals>
            <configuration>
              <transformers>
                <transformer>
                  <resource>META-INF/spring.handlers</resource>
                </transformer>
                <transformer>
                  <resource>META-INF/spring.factories</resource>
                </transformer>
                <transformer>
                  <resource>META-INF/spring.schemas</resource>
                </transformer>
                <transformer />
                <transformer>
                  <mainClass>io.egen.sensor.Emulator</mainClass>
                </transformer>
              </transformers>
            </configuration>
          </execution>
        </executions>
      </plugin>
    </plugins>
  </build>
  <dependencies>
    <dependency>
      <groupId>org.springframework.boot</groupId>
      <artifactId>spring-boot-starter-web</artifactId>
      <version>1.3.2.RELEASE</version>
      <scope>provided</scope>
    </dependency>
    <dependency>
      <groupId>org.easyrules</groupId>
      <artifactId>easyrules-spring</artifactId>
      <version>2.4.0</version>
      <scope>provided</scope>
    </dependency>
    <dependency>
      <groupId>com.google.code.gson</groupId>
      <artifactId>gson</artifactId>
      <version>2.8.1</version>
      <scope>provided</scope>
    </dependency>
    <dependency>
      <groupId>org.json</groupId>
      <artifactId>json</artifactId>
      <version>20090211</version>
      <scope>provided</scope>
    </dependency>
    <dependency>
      <groupId>org.mongodb</groupId>
      <artifactId>mongo-java-driver</artifactId>
      <version>3.4.1</version>
      <scope>provided</scope>
    </dependency>
    <dependency>
      <groupId>org.codehaus.groovy.modules.http-builder</groupId>
      <artifactId>http-builder</artifactId>
      <version>0.7.1</version>
      <scope>provided</scope>
    </dependency>
    <dependency>
      <groupId>org.codehaus.groovy</groupId>
      <artifactId>groovy-all</artifactId>
      <version>2.4.5</version>
      <scope>provided</scope>
    </dependency>
  </dependencies>
</project>

